{
  "S_interest": [
    7,
    11,
    13,
    14,
    15,
    16,
    27
  ],
  "S1": [
    14,
    15,
    16
  ],
  "S2": [
    7,
    11,
    13,
    27
  ],
  "S3": [
    7,
    11,
    13,
    14,
    15,
    16,
    27
  ],
  "n_strong": 301,
  "budget_dist": {
    "7": {
      "4": 259,
      "3": 32,
      "2": 7
    },
    "11": {
      "6": 278,
      "4": 23
    },
    "13": {
      "7": 285,
      "5": 16
    },
    "14": {
      "4": 247,
      "2": 53
    },
    "15": {
      "2": 161,
      "4": 135
    },
    "16": {
      "3": 234,
      "2": 59
    },
    "27": {
      "7": 198,
      "4": 27,
      "5": 71,
      "3": 4
    }
  },
  "P_S1_pass": 0.0033222591362126247,
  "P_S2_pass": 0.023255813953488372,
  "P_joint": 0.0,
  "P_S2_given_S1": 0.0,
  "P_S1_given_S2": 0.0,
  "ratio_S2_conditional_to_marginal": 0.0
}