{
  "description": "Proper separation of p_r(t) and E_r(X).",
  "per_residue": {
    "0": {
      "pointwise_fit": {
        "anchor_log_t": 8.5,
        "anchor_p": 3.11e-10,
        "slope_gamma": -2.028097049305264,
        "p_values": {
          "10^8.5": 3.1099999999999996e-10,
          "10^10.5": 5.384900394362727e-12,
          "10^12.5": 9.323843169520146e-14,
          "10^14.5": 1.6144040759011454e-15,
          "10^16.5": 2.795307120572608e-17,
          "10^18.5": 4.840016210911985e-19
        }
      },
      "cumulative_E_calibrated_from_10^8": {
        "10^12": 1.0265510826838145e-13,
        "10^13": 1.1076940610013944e-13,
        "10^14": 1.1652361551952903e-13,
        "10^15": 1.2072060299813777e-13,
        "10^16": 1.2386140517730502e-13,
        "10^17": 1.2626777279335075e-13,
        "10^18": 1.2815177678669263e-13,
        "10^19": 1.296565640042505e-13,
        "10^20": 1.3088089159387932e-13
      },
      "cumulative_E_full_range_2_to_X": {
        "10^12": 3.005338925946417e-11,
        "10^13": 3.006132745735923e-11,
        "10^14": 3.006689114813521e-11,
        "10^15": 3.007088319677942e-11,
        "10^16": 3.007380463922189e-11,
        "10^17": 3.007597722599799e-11,
        "10^18": 3.007761302819134e-11,
        "10^19": 3.007885519302932e-11,
        "10^20": 3.007980247821117e-11
      },
      "sensitivity_envelope_calibrated": {
        "gamma_plus_0.5_slower_decay": {
          "14": 3.2029141294586146e-13,
          "17": 6.396658585082904e-13,
          "19": 1.033052403069118e-12
        },
        "fitted_gamma": {
          "14": 1.1652361551952903e-13,
          "17": 1.2626777279335075e-13,
          "19": 1.296565640042505e-13
        },
        "gamma_minus_0.5_faster_decay": {
          "14": 7.51456960813358e-14,
          "17": 7.550085908301057e-14,
          "19": 7.5532036926155e-14
        }
      },
      "bh_shape_expected": {
        "10^12": 13.06609736436377,
        "10^13": 46.15709935813132,
        "10^14": 176.13173975290175,
        "10^15": 718.3162990885656,
        "10^16": 3104.147247708515,
        "10^17": 14114.519913557226,
        "10^18": 67136.62765253214,
        "10^19": 332433.87833898293
      }
    },
    "1716": {
      "pointwise_fit": {
        "anchor_log_t": 8.5,
        "anchor_p": 1.66e-10,
        "slope_gamma": -3.3513052495234965,
        "p_values": {
          "10^8.5": 1.6600000000000023e-10,
          "10^10.5": 2.0379866460550084e-13,
          "10^12.5": 2.502041909336432e-16,
          "10^14.5": 3.0717638548781157e-19,
          "10^16.5": 3.7712130819734813e-22,
          "10^18.5": 4.629928855716723e-25
        }
      },
      "cumulative_E_calibrated_from_10^8": {
        "10^12": 2.2456468731542562e-17,
        "10^13": 2.2467324053161852e-17,
        "10^14": 2.2469043645327813e-17,
        "10^15": 2.2469187219516422e-17,
        "10^16": 2.2469030126156162e-17,
        "10^17": 2.2468794855684664e-17,
        "10^18": 2.2468521429249754e-17,
        "10^19": 2.2468217251539702e-17,
        "10^20": 2.246788372954609e-17
      },
      "cumulative_E_full_range_2_to_X": {
        "10^12": 6.083387930669109e-11,
        "10^13": 6.083418360915408e-11,
        "10^14": 6.083039952643271e-11,
        "10^15": 6.083677475943485e-11,
        "10^16": 6.083003916345245e-11,
        "10^17": 6.083580797138033e-11,
        "10^18": 6.08314746882468e-11,
        "10^19": 6.084741346753652e-11,
        "10^20": 6.084965678686096e-11
      },
      "sensitivity_envelope_calibrated": {
        "gamma_plus_0.5_slower_decay": {
          "14": 2.3664607201684728e-17,
          "17": 2.3672991641362815e-17,
          "19": 2.3672898742834348e-17
        },
        "fitted_gamma": {
          "14": 2.2469043645327813e-17,
          "17": 2.2468794855684664e-17,
          "19": 2.2468217251539702e-17
        },
        "gamma_minus_0.5_faster_decay": {
          "14": 2.2919715837882272e-17,
          "17": 2.2918686365547696e-17,
          "19": 2.2917753540296297e-17
        }
      },
      "bh_shape_expected": {
        "10^12": 0.017114019425080743,
        "10^13": 0.05151342508325931,
        "10^14": 0.16949237924695273,
        "10^15": 0.6021460273875395,
        "10^16": 2.2870253131415375,
        "10^17": 9.211638593080439,
        "10^18": 39.08257183080535,
        "10^19": 173.68675328993896
      }
    },
    "4862": {
      "pointwise_fit": {
        "anchor_log_t": 8.5,
        "anchor_p": 1.16e-10,
        "slope_gamma": -3.2581410272100584,
        "p_values": {
          "10^8.5": 1.160000000000002e-10,
          "10^10.5": 1.7158236533643858e-13,
          "10^12.5": 2.5379748357281653e-16,
          "10^14.5": 3.7540665989534224e-19,
          "10^16.5": 5.552858850680534e-22,
          "10^18.5": 8.21355737913042e-25
        }
      },
      "cumulative_E_calibrated_from_10^8": {
        "10^12": 6.017780549884769e-16,
        "10^13": 6.022926623061044e-16,
        "10^14": 6.023910023280036e-16,
        "10^15": 6.024074268806673e-16,
        "10^16": 6.024068053856115e-16,
        "10^17": 6.024021249159892e-16,
        "10^18": 6.023960611315686e-16,
        "10^19": 6.023891799732944e-16,
        "10^20": 6.023816040943551e-16
      },
      "cumulative_E_full_range_2_to_X": {
        "10^12": 9.65769782823658e-10,
        "10^13": 9.657944311306034e-10,
        "10^14": 9.656774917410242e-10,
        "10^15": 9.65667664220973e-10,
        "10^16": 9.659742743245198e-10,
        "10^17": 9.657319869159554e-10,
        "10^18": 9.657363500645198e-10,
        "10^19": 9.660380859933814e-10,
        "10^20": 9.65624743423603e-10
      },
      "sensitivity_envelope_calibrated": {
        "gamma_plus_0.5_slower_decay": {
          "14": 6.547430860778213e-16,
          "17": 6.553129558552961e-16,
          "19": 6.553293285652786e-16
        },
        "fitted_gamma": {
          "14": 6.023910023280036e-16,
          "17": 6.024021249159892e-16,
          "19": 6.023891799732944e-16
        },
        "gamma_minus_0.5_faster_decay": {
          "14": 6.03627941253683e-16,
          "17": 6.036049329688067e-16,
          "19": 6.035833589801003e-16
        }
      },
      "bh_shape_expected": {
        "10^12": 0.47287783211281736,
        "10^13": 1.5419825809151197,
        "10^14": 5.463788761621774,
        "10^15": 20.79738699702199,
        "10^16": 84.2571262934359,
        "10^17": 360.5798890100863,
        "10^18": 1619.8370512826655,
        "10^19": 7598.6420505430115
      }
    },
    "16302": {
      "pointwise_fit": {
        "anchor_log_t": 8.5,
        "anchor_p": 1.92e-10,
        "slope_gamma": -2.691227949370841,
        "p_values": {
          "10^8.5": 1.9199999999999983e-10,
          "10^10.5": 8.825317383248513e-13,
          "10^12.5": 4.056574318493106e-15,
          "10^14.5": 1.8646122838248494e-17,
          "10^16.5": 8.570726667426099e-20,
          "10^18.5": 3.939551200265931e-22
        }
      },
      "cumulative_E_calibrated_from_10^8": {
        "10^12": 1.0964804735636842e-15,
        "10^13": 1.1042530137953636e-15,
        "10^14": 1.1069538651527859e-15,
        "10^15": 1.107919633442097e-15,
        "10^16": 1.108272755275135e-15,
        "10^17": 1.1084030737046128e-15,
        "10^18": 1.1084499984118073e-15,
        "10^19": 1.108464735716938e-15,
        "10^20": 1.1084665634754293e-15
      },
      "cumulative_E_full_range_2_to_X": {
        "10^12": 1.26718194476853e-10,
        "10^13": 1.2671611242914762e-10,
        "10^14": 1.267138540643399e-10,
        "10^15": 1.2671142273439176e-10,
        "10^16": 1.2670881957830628e-10,
        "10^17": 1.2670604500367755e-10,
        "10^18": 1.267030991688371e-10,
        "10^19": 1.2669998214508225e-10,
        "10^20": 1.2669669397294877e-10
      },
      "sensitivity_envelope_calibrated": {
        "gamma_plus_0.5_slower_decay": {
          "14": 1.4804026481873965e-15,
          "17": 1.5179158277531729e-15,