{
  "description": "Sieve-weighted k=7 conditioning surrogate",
  "r": 0,
  "n_sample": 2000,
  "t_range": [
    100000000,
    1000000000
  ],
  "Y_values": [
    7,
    11,
    17,
    29,
    47,
    97
  ],
  "per_Y": {
    "7": {
      "n_primes": 4,
      "Q_distribution": {
        "11": 540,
        "10": 455,
        "12": 481,
        "9": 398,
        "13": 126
      },
      "per_Q_stats": {
        "9": {
          "n": 398,
          "k7_pass": 203,
          "rate": 0.5100502512562815
        },
        "10": {
          "n": 455,
          "k7_pass": 222,
          "rate": 0.4879120879120879
        },
        "11": {
          "n": 540,
          "k7_pass": 248,
          "rate": 0.45925925925925926
        },
        "12": {
          "n": 481,
          "k7_pass": 221,
          "rate": 0.4594594594594595
        },
        "13": {
          "n": 126,
          "k7_pass": 60,
          "rate": 0.47619047619047616
        }
      },
      "threshold_Q": 12,
      "high_quality_n": 607,
      "high_quality_k7_rate": 0.46293245469522243,
      "R_7": 0.9705082907656655
    },
    "11": {
      "n_primes": 5,
      "Q_distribution": {
        "11": 540,
        "10": 455,
        "12": 481,
        "9": 398,
        "13": 126
      },
      "per_Q_stats": {
        "9": {
          "n": 398,
          "k7_pass": 203,
          "rate": 0.5100502512562815
        },
        "10": {
          "n": 455,
          "k7_pass": 222,
          "rate": 0.4879120879120879
        },
        "11": {
          "n": 540,
          "k7_pass": 248,
          "rate": 0.45925925925925926
        },
        "12": {
          "n": 481,
          "k7_pass": 221,
          "rate": 0.4594594594594595
        },
        "13": {
          "n": 126,
          "k7_pass": 60,
          "rate": 0.47619047619047616
        }
      },
      "threshold_Q": 12,
      "high_quality_n": 607,
      "high_quality_k7_rate": 0.46293245469522243,
      "R_7": 0.9705082907656655
    },
    "17": {
      "n_primes": 7,
      "Q_distribution": {
        "11": 540,
        "10": 455,
        "12": 481,
        "9": 398,
        "13": 126
      },
      "per_Q_stats": {
        "9": {
          "n": 398,
          "k7_pass": 203,
          "rate": 0.5100502512562815
        },
        "10": {
          "n": 455,
          "k7_pass": 222,
          "rate": 0.4879120879120879
        },
        "11": {
          "n": 540,
          "k7_pass": 248,
          "rate": 0.45925925925925926
        },
        "12": {
          "n": 481,
          "k7_pass": 221,
          "rate": 0.4594594594594595
        },
        "13": {
          "n": 126,
          "k7_pass": 60,
          "rate": 0.47619047619047616
        }
      },
      "threshold_Q": 12,
      "high_quality_n": 607,
      "high_quality_k7_rate": 0.46293245469522243,
      "R_7": 0.9705082907656655
    },
    "29": {
      "n_primes": 10,
      "Q_distribution": {
        "11": 433,
        "10": 550,
        "9": 476,
        "12": 212,
        "8": 257,
        "13": 29,
        "7": 43
      },
      "per_Q_stats": {
        "7": {
          "n": 43,
          "k7_pass": 26,
          "rate": 0.6046511627906976
        },
        "8": {
          "n": 257,
          "k7_pass": 127,
          "rate": 0.49416342412451364
        },
        "9": {
          "n": 476,
          "k7_pass": 238,
          "rate": 0.5
        },
        "10": {
          "n": 550,
          "k7_pass": 260,
          "rate": 0.4727272727272727
        },
        "11": {
          "n": 433,
          "k7_pass": 199,
          "rate": 0.45958429561200925
        },
        "12": {
          "n": 212,
          "k7_pass": 92,
          "rate": 0.4339622641509434
        },
        "13": {
          "n": 29,
          "k7_pass": 12,
          "rate": 0.41379310344827586
        }
      },
      "threshold_Q": 11,
      "high_quality_n": 674,
      "high_quality_k7_rate": 0.4495548961424332,
      "R_7": 0.9424630946382248
    },
    "47": {
      "n_primes": 15,
      "Q_distribution": {
        "11": 172,
        "8": 473,
        "7": 276,
        "9": 542,
        "10": 364,
        "12": 39,
        "6": 112,
        "5": 18,
        "13": 3,
        "4": 1
      },
      "per_Q_stats": {
        "4": {
          "n": 1,
          "k7_pass": 1,
          "rate": 1.0
        },
        "5": {
          "n": 18,
          "k7_pass": 9,
          "rate": 0.5
        },
        "6": {
          "n": 112,
          "k7_pass": 63,
          "rate": 0.5625
        },
        "7": {
          "n": 276,
          "k7_pass": 144,
          "rate": 0.5217391304347826
        },
        "8": {
          "n": 473,
          "k7_pass": 229,
          "rate": 0.48414376321353064
        },
        "9": {
          "n": 542,
          "k7_pass": 250,
          "rate": 0.4612546125461255
        },
        "10": {
          "n": 364,
          "k7_pass": 172,
          "rate": 0.4725274725274725
        },
        "11": {
          "n": 172,
          "k7_pass": 66,
          "rate": 0.38372093023255816
        },
        "12": {
          "n": 39,
          "k7_pass": 20,
          "rate": 0.5128205128205128
        },
        "13": {
          "n": 3,
          "k7_pass": 0,
          "rate": 0.0
        }
      },
      "threshold_Q": 10,
      "high_quality_n": 578,
      "high_quality_k7_rate": 0.4463667820069204,
      "R_7": 0.9357794172052839
    },
    "97": {
      "n_primes": 25,
      "Q_distribution": {
        "10": 143,
        "6": 311,
        "7": 456,
        "9": 355,
        "8": 481,
        "5": 152,
        "4": 46,
        "11": 39,
        "12": 11,
        "3": 6
      },
      "per_Q_stats": {
        "3": {
          "n": 6,
          "k7_pass": 1,
          "rate": 0.16666666666666666
        },
        "4": {
          "n": 46,
          "k7_pass": 24,
          "rate": 0.5217391304347826
        },
        "5": {
          "n": 152,
          "k7_pass": 81,
          "rate": 0.5328947368421053
        },
        "6": {
          "n": 311,
          "k7_pass": 154,
          "rate": 0.49517684887459806
        },
        "7": {
          "n": 456,
          "k7_pass": 224,
          "rate": 0.49122807017543857
        },
        "8": {
          "n": 481,
          "k7_pass": 229,
          "rate": 0.4760914760914761
        },
        "9": {
          "n": 355,
          "k7_pass": 158,
          "rate": 0.4450704225352113
        },
        "10": {
          "n": 143,
          "k7_pass": 61,
          "rate": 0.42657342657342656
        },
        "11": {
          "n": 39,
          "k7_pass": 17,
          "rate": 0.4358974358974359
        },
        "12": {
          "n": 11,
          "k7_pass": 5,
          "rate": 0.45454545454545453
        }
      },
      "threshold_Q": 9,
      "high_quality_n": 548,
      "high_quality_k7_rate": 0.4397810218978102,
      "R_7": 0.9219727922385959
    }
  }
}