{
  "description": "Log-law Landau/PNT tail model for case-A density.",
  "c_B_map": {
    "2": 6.606245434844869,
    "3": 6.66213567869824,
    "4": 5.751648867706237,
    "5": 5.8117653610809334,
    "6": 5.808391378917321,
    "7": 5.816977160204899,
    "8": 5.0141134323843675,
    "9": 4.949938722786521,
    "10": 5.016700177182795,
    "11": 5.03918939323686,
    "12": 5.0304441233308514,
    "13": 4.9742559961968595,
    "14": 5.008210496032369,
    "16": 4.660800334559073,
    "17": 4.638611636773866,
    "19": 4.633819574628932,
    "21": 4.62253993290081,
    "23": 4.637816915656001,
    "24": 4.653542804686345,
    "25": 4.633920133759584,
    "27": 4.634522009808088,
    "30": 4.611008841970277,
    "31": 4.6225594673290535,
    "32": 5.1179735233440455,
    "33": 5.121060319130315,
    "35": 5.1244791722396075,
    "38": 5.139998352343135,
    "39": 5.1324869912807385,
    "42": 5.122185281664112,
    "43": 5.119404828029905,
    "44": 5.133071466019633,
    "45": 5.121048428449659,
    "47": 5.125636225677717,
    "48": 5.138611793197499,
    "49": 5.125608464679121,
    "55": 5.129990059517781,
    "61": 5.137111650690634,
    "63": 5.126827777094991,
    "69": 6.886150562590599,
    "73": 6.881937731330434,
    "75": 6.884686820055746,
    "81": 6.883586769428537,
    "85": 6.884734990741202,
    "91": 6.881937731330433,
    "99": 6.88177893287663,
    "20": 4.614392277836026,
    "26": 4.6251141112767264,
    "29": 4.629893024631009,
    "36": 5.141200762521705,
    "18": 4.657687547656512,
    "40": 5.147654662988454
  },
  "per_residue": {
    "0": {
      "B_profile_sample_size": 87,
      "anchor_scaling_factor": 169.9166398390407,
      "empirical_p_at_85": 3.11e-10,
      "raw_loglaw_p_at_85": 1.830309263969705e-12,
      "pointwise_p_raw": {
        "10^8.5": 1.830309263969705e-12,
        "10^10.5": 7.143632666922337e-14,
        "10^12.5": 2.642166335140246e-15,
        "10^14.5": 1.1684855092932962e-16,
        "10^16.5": 6.27136149544003e-18,
        "10^18.5": 4.0122348724306155e-19
      },
      "pointwise_p_anchored": {
        "10^8.5": 3.11e-10,
        "10^10.5": 1.2138220590078485e-11,
        "10^12.5": 4.489480255628633e-13,
        "10^14.5": 1.9854513143972707e-14,
        "10^16.5": 1.0656086725211113e-15,
        "10^18.5": 6.817454677684323e-17
      },
      "cumulative_E_raw": {
        "10^12": 9.599570220460006e-16,
        "10^14": 1.443211528335449e-15,
        "10^17": 2.6809921491704215e-15,
        "10^19": 4.741780566205698e-15
      },
      "cumulative_E_anchored": {
        "10^12": 1.6311267157594823e-13,
        "10^14": 2.452256534717259e-13,
        "10^17": 4.555451774218864e-13,
        "10^19": 8.05707420663735e-13
      }
    },
    "1716": {
      "B_profile_sample_size": 85,
      "anchor_scaling_factor": 6.451007793604198,
      "empirical_p_at_85": 1.66e-10,
      "raw_loglaw_p_at_85": 2.5732413494303852e-11,
      "pointwise_p_raw": {
        "10^8.5": 2.5732413494303852e-11,
        "10^10.5": 1.2231826644501055e-12,
        "10^12.5": 5.3875180682131915e-14,
        "10^14.5": 2.802622897970703e-15,
        "10^16.5": 1.745124573395596e-16,
        "10^18.5": 1.2796913540617197e-17
      },
      "pointwise_p_anchored": {
        "10^8.5": 1.66e-10,
        "10^10.5": 7.890760901369179e-12,
        "10^12.5": 3.4754921046226734e-13,
        "10^14.5": 1.807974215734259e-14,
        "10^16.5": 1.125781222378519e-15,
        "10^18.5": 8.255298898460064e-17
      },
      "cumulative_E_raw": {
        "10^12": 9.076128614433349e-18,
        "10^14": 1.3441874085071872e-17,
        "10^17": 2.429643590122687e-17,
        "10^19": 4.192559254157879e-17
      },
      "cumulative_E_anchored": {
        "10^12": 5.855017642746348e-17,
        "10^14": 8.671363448344491e-17,
        "10^17": 1.5673649735561917e-16,
        "10^19": 2.7046232423719895e-16
      }
    },
    "4862": {
      "B_profile_sample_size": 86,
      "anchor_scaling_factor": 652.7460773266802,
      "empirical_p_at_85": 1.16e-10,
      "raw_loglaw_p_at_85": 1.777107577192615e-13,
      "pointwise_p_raw": {
        "10^8.5": 1.777107577192615e-13,
        "10^10.5": 7.552297020245962e-15,
        "10^12.5": 3.1103767392844566e-16,
        "10^14.5": 1.5114962265727753e-17,
        "10^16.5": 8.831318151880833e-19,
        "10^18.5": 6.107367372538161e-20
      },
      "pointwise_p_anchored": {
        "10^8.5": 1.1599999999999999e-10,
        "10^10.5": 4.929732254771527e-12,
        "10^12.5": 2.0302862155760792e-13,
        "10^14.5": 9.86623232789458e-15,
        "10^16.5": 5.76460828126412e-16,
        "10^18.5": 3.986560095217238e-17
      },
      "cumulative_E_raw": {
        "10^12": 2.4035299855886668e-18,
        "10^14": 3.605675763482592e-18,
        "10^17": 6.687148295797123e-18,
        "10^19": 1.1815984918705874e-17
      },
      "cumulative_E_anchored": {
        "10^12": 1.568894769830053e-15,
        "10^14": 2.3535907107251433e-15,
        "10^17": 4.365009818583368e-15,
        "10^19": 7.712837805436468e-15
      }
    },
    "16302": {
      "B_profile_sample_size": 86,
      "anchor_scaling_factor": 15.19887046131456,
      "empirical_p_at_85": 1.92e-10,
      "raw_loglaw_p_at_85": 1.2632517691936023e-11,
      "pointwise_p_raw": {
        "10^8.5": 1.2632517691936023e-11,
        "10^10.5": 5.195343739701033e-13,
        "10^12.5": 2.0169187753325642e-14,
        "10^14.5": 9.321322592357802e-16,
        "10^16.5": 5.219425375104716e-17,
        "10^18.5": 3.475726326521619e-18
      },
      "pointwise_p_anchored": {
        "10^8.5": 1.92e-10,
        "10^10.5": 7.896335650171754e-12,
        "10^12.5": 3.065488719727285e-13,
        "10^14.5": 1.4167357460937104e-14,
        "10^16.5": 7.932937015871473e-16,
        "10^18.5": 5.2827114195782804e-17
      },
      "cumulative_E_raw": {
        "10^12": 1.6642012343891677e-16,
        "10^14": 2.4326878793306484e-16,
        "10^17": 4.2845109854571765e-16,
        "10^19": 7.222442087000665e-16
      },
      "cumulative_E_anchored": {
        "10^12": 2.5293978983040733e-15,
        "10^14": 3.697410795075654e-15,
        "10^17": 6.511972745804274e-15,
        "10^19": 1.0977296169466956e-14
      }
    },
    "17160": {
      "B_profile_sample_size": 85,
      "anchor_scaling_factor": 315.31137608306017,
      "empirical_p_at_85": 1.6e-10,
      "raw_loglaw_p_at_85": 5.074349108097272e-13,
      "pointwise_p_raw": {
        "10^8.5": 5.074349108097272e-13,
        "10^10.5": 2.417411587061314e-14,
        "10^12.5": 1.1043307974006396e-15,
        "10^14.5": 5.885196801109531e-17,
        "10^16.5": 3.743341187314605e-18,
        "10^18.5": 2.798199225115164e-19
      },
      "pointwise_p_anchored": {
        "10^8.5": 1.6e-10,
        "10^10.5": 7.622373740754373e-12,
        "10^12.5": 3.482080633792988e-13,
        "10^14.5": 1.85566950187747e-14,
        "10^16.5": 1.1803180609205644e-15,
        "10^18.5": 8.82304048225615e-17
      },
      "cumulative_E_raw": {
        "10^12": 1.7994150023091528e-19,
        "10^14": 2.700107194380342e-19,
        "10^17": 5.00919954553948e-19,
        "10^19": 8.851220727392304e-19
      },
      "cumulative_E_anchored": {
        "10^12": 5.673760205226013e-17,
        "10^14": 8.513745150318365e-17,
        "10^17": 1.5794576017786916e-16,
        "10^19": 2.7908905875689705e-16
      }
    }
  }
}